instance	a0_median	a0_mad	a0.2_median	a0.2_mad	a0.4_median	a0.4_mad	a0.6_median	a0.6_mad	a0.8_median	a0.8_mad	a1_median	a1_mad
1512	0.636658929679359	0.0927570369602238	1.05352394759137	0.0983501116371906	1.13524559660809	0.146799281107039	1.18351586365071	0.156346777603566	1.24447206661278	0.20238359101439	1.32616785543595	0.197557351235134
2906	1.00233442640385	0.161803045108839	0.846391583848638	0.0598092227047051	0.85088596484301	0.0805204993503559	0.852646469628827	0.0808870401683297	0.871449621407001	0.0771263676231545	0.887908605057421	0.0704057140490297
1336	2.36249117497826	0.445721739751	1.69224376851715	0.178093364869322	1.73109147596453	0.175077458230245	1.69709525158046	0.171029594811151	1.79349659551212	0.167592446199581	1.73585300575256	0.169670726931377
2634	1.15117112574557	0.169493064262207	0.995954419805811	0.0921389388549218	1.06353035811273	0.109990528962905	1.09462509488722	0.116419268909522	1.13293412797121	0.113053844509402	1.11738306751963	0.0972516909142664
471	0.436177336923554	0.111210159572306	0.465711067041547	0.0610702979272452	0.404879558880641	0.0590864785628035	0.375038137401195	0.0626912922577918	0.335085876019331	0.0495143315412689	0.330288632246465	0.0536435842786984
3067	3.15366478616057	0.563829591352875	1.74504134182956	0.177799966402816	1.94019831543885	0.305845866018218	2.01375128447432	0.263513595588189	2.19402896352005	0.280172718489701	2.17454042266972	0.254736561120666
394	0.519530270036875	0.171748100201508	0.678022403906643	0.0643589667369213	0.704208618997323	0.0768747411540199	0.714598770305116	0.0654775555235608	0.728699761021584	0.0821378644553866	0.737769527803394	0.0678784049012248
737	1.12491138630281	0.305871572201587	1.50805689040539	0.114179924014573	1.62591911992516	0.178822077562395	1.7326085264833	0.228586813559242	1.76472627046148	0.25272641722272	1.86697047201423	0.311198192096598
1921	0.607236772512296	0.106715820304299	0.709938365624884	0.0610469387226333	0.723331561852407	0.0944286345022261	0.746787666161833	0.0965092148179469	0.732781540017618	0.0991863408035532	0.779230898309635	0.121672659053975
2019	0.670178959193658	0.148026791888621	0.487477151690577	0.0668092268114731	0.425644912102948	0.0689772958413308	0.39809567110067	0.0614235268603567	0.358689271342009	0.0639905482047601	0.370376545502978	0.0582400745031262
2621	0.696182888993503	0.10181451938867	0.749118090288653	0.0488115874076366	0.733533165401586	0.0718148942832684	0.730202934651053	0.066612204356199	0.718925495302941	0.0731697672646008	0.701611713479744	0.0804912332795108
1079	1.65568685797235	0.41967881147192	2.09028743956308	0.325979776549823	2.63659001714872	0.385043822093045	2.96856473593219	0.559976211347077	3.08485059350111	0.582199401529198	3.33990573145824	0.737410478373234
539	1.42375494276426	0.250736602975608	0.88389634931535	0.097702954562931	0.793397686524312	0.121787196563751	0.712169699945848	0.0992898114070346	0.646546969080698	0.100555056860751	0.646629126719872	0.101017276532573
1084	0.722301136640034	0.111105475252809	0.72943916296926	0.0687836694363383	0.620034861446519	0.0841836512526979	0.560744763830852	0.073006780520586	0.528500710050588	0.0701273230257073	0.50493784529786	0.0551084234818561
2627	2.05773870513275	0.4696115537393	1.43701811981804	0.226778651087114	1.43767466894756	0.249248738505491	1.37580062447695	0.218864753665606	1.41862722015406	0.234245395744562	1.29649853628634	0.155729598645977
1704	2.17107261612466	0.473886996046685	1.39259466209668	0.210616373009503	1.70086107523375	0.280760463090842	1.80462364017071	0.319253819871936	2.00470714873097	0.362144395227248	2.07718499547903	0.325732695972756
2065	2.850904242751	0.558608513919446	2.28632489971919	0.284008672826217	2.82425867254504	0.456897605670091	3.04006303005176	0.44920806667823	3.428801165958	0.542123356792484	3.41787473141286	0.488499860961784
2033	1.95634071359481	0.514956895054931	2.23901838178743	0.271241773931054	2.29916623108325	0.384608249155991	2.44592241927635	0.3491808924355	2.47913335450825	0.40944324576154	2.49329614338872	0.385250457568158
1264	0.749154943561914	0.16495702685779	0.942223081882708	0.103601879110803	1.10968029166254	0.160505775299354	1.24723009880657	0.161909285417394	1.37223202222981	0.190855781848991	1.41136061011777	0.175454809162365
942	0.714929829285783	0.142023105025422	0.642390832678113	0.0907450593302109	0.521453216773517	0.11234906411315	0.459863463791343	0.0850971226490835	0.414787937342893	0.07509890533177	0.402194221380814	0.0716271261550889
2573	1.35449983378389	0.223424651782559	1.51740215859985	0.171489035407577	1.61661671602988	0.224470410484267	1.71091532146908	0.257384680148751	1.74849312659012	0.297336422753611	1.84468430889592	0.308950979992473
1832	0.505161658003971	0.0738397479370924	0.647398167656862	0.0692186337949954	0.631755853381318	0.0926861396168126	0.628365778768265	0.0738260044541363	0.630854224819929	0.0686149562839384	0.641674220754152	0.0632801268770911
2789	0.454007582889026	0.0695912165224758	0.782382524991746	0.0972340089041594	0.812761699523781	0.127297253413572	0.884378505640992	0.13216044081605	0.907317207920061	0.167772336604029	0.987685004667699	0.146444204861437
2871	0.698580799419857	0.151564417198046	0.782021444164752	0.0687670927421311	0.75518579434413	0.0986441711165744	0.764995638358522	0.108357844369353	0.773888547970565	0.0931925864208549	0.737578972654632	0.0730810659566958
2602	1.11459501122975	0.354564411058648	0.679587910597734	0.110548160927767	0.472341878248822	0.101018411380061	0.352931029877971	0.079754303471502	0.289364073739279	0.0678408001751544	0.263859618781021	0.0652266278076636
370	1.00509772777814	0.169124457540649	1.34975509973575	0.181482218244947	1.45945386350218	0.243811027033556	1.5485536609831	0.296759573818165	1.56318302528686	0.317130581156242	1.74400363926405	0.340797746104357
225	1.98997448292194	0.371532910735367	1.66989639503577	0.213752258660019	1.88272813562392	0.345165240004962	1.93420100331418	0.339687752178265	2.07894937530288	0.348546985878497	2.12510206996124	0.389590655426917
1578	1.47966692024163	0.345455316599043	1.0500977129571	0.0745865406489211	1.02171759236897	0.103219587061314	1.00145948017062	0.107610880094392	0.967032342849191	0.0799977742641458	0.947369441783066	0.0755780924245367
1335	1.00471872912373	0.200361367632808	1.68590233286255	0.198826943433045	2.07537297195774	0.297664532076854	2.28121726455174	0.329150159241216	2.60067091989526	0.375800183538482	2.69687568656321	0.491655981706492
2981	0.864451620715026	0.145121191192991	0.840914730297407	0.0591913203805083	0.777371765232207	0.0609628277863319	0.748339210769102	0.0817189125478684	0.690545454845213	0.0845224307931645	0.703105821097761	0.103108699682755
251	2.38932776197767	0.423828591891998	2.4880335520259	0.467772394968311	3.57168467089827	0.732171519200243	4.29392004032365	1.01198174677128	5.59026905399063	1.18021153930855	6.07394627261197	1.68064190327944
3136	0.747484216597054	0.107268463648071	0.735182771798771	0.0601566830814303	0.75958062106754	0.0782102616641208	0.756089024962744	0.0686962612341213	0.754736126333205	0.0640862348378394	0.738409599836151	0.0729571923965646
889	1.69032466300814	0.284043926028608	2.36048538827485	0.380972753139702	3.26040228891796	0.594254570684818	3.97227946456001	0.835194230648608	4.91068163845908	1.07517208522026	5.27101610162589	1.14477895063244
2396	0.814859966048715	0.129143050274537	0.773976010654289	0.122612200798388	0.724516494509018	0.127168179222019	0.703263598506201	0.134897695468084	0.645280701768824	0.117279980492555	0.667276143797133	0.117920464600589
2270	2.6204620176379	0.491131723343535	1.70399120741587	0.228514902974595	1.86850657113826	0.298992302909635	1.92677021979528	0.293063213034871	2.09896242756983	0.362366125538672	2.15252112255021	0.437997703454481
332	0.227324469164452	0.0774419807908878	0.355666190231578	0.0515619321914612	0.303112844439929	0.054918637395552	0.291768473952129	0.0443398516006164	0.249732394577698	0.041440604348546	0.260635489794437	0.0558823909587327
3016	3.08407146586727	0.712400608032298	1.7077828733125	0.245054963336772	1.74970437043846	0.363542531167141	1.6543334618989	0.340263074550751	1.73639734600274	0.397320952129682	1.58455698682254	0.291429240789394
2442	0.744900614317833	0.157561172272923	0.805221174558407	0.129449646397152	0.823811053676945	0.164707755829923	0.820222511023514	0.143347524296119	0.824547668313292	0.135353694940769	0.834916798321048	0.0915512126065509
283	9.55040368185085	2.09312915539058	5.02559364144047	1.2325891837542	8.0679504212913	1.7974272167539	10.3236990725717	2.79662304021132	13.9458006943295	5.03593807301934	14.5015773883705	6.00143342028566
257	1.60758875674011	0.308222176362603	1.15062332514374	0.0903708806120584	1.10718149207698	0.0990655375020195	1.03157420968102	0.0893395048108786	1.04613935026265	0.116142866376646	1.0000974955361	0.0858041234566329
1238	1.37191718089127	0.241787966416954	1.16308752679621	0.089542915973218	1.22638665745128	0.119288851967795	1.23940923933816	0.122621716782983	1.30144957096642	0.136700654297901	1.31235642292521	0.117825962436367
1046	0.346500095793011	0.0796586796853293	0.425330760854164	0.0651977662805809	0.398946462155393	0.0560669535206913	0.400788819764748	0.0659934980383794	0.389486330935628	0.0514334691978692	0.399969452862994	0.0583899905188389
1393	1.04409136842438	0.166283426059308	1.05397959256001	0.100431043616019	1.03091936372515	0.105634211964846	0.980252464421602	0.118808233767391	0.989398749458936	0.136831380383873	0.946863825029956	0.0992418968729726
1404	1.06792708687267	0.384698525781041	0.682169711046641	0.0682100234626259	0.672955266392685	0.0672505325087098	0.679478793595962	0.0687511747311797	0.689569170761923	0.0806613587554203	0.683720142691417	0.0765492187034206
240	0.245459440670659	0.0465400741743771	0.519881040753223	0.0711543853445613	0.468805554964572	0.0668376102057681	0.466158207211852	0.076419827898042	0.439677184692155	0.0663002190679741	0.449429057811629	0.0682527559527866
2490	1.21474020186991	0.2349554745899	1.11751645505047	0.116713627080465	1.22124184603866	0.13548960643128	1.28404860229412	0.137014840318425	1.3826961682022	0.14115595259761	1.39494866857998	0.1372708577137
2982	0.536546436623571	0.0689795351155373	0.697877812447081	0.065705742528075	0.631921729814573	0.072011198390457	0.588686774878336	0.08060723497886	0.528915122809332	0.081247972152276	0.532880621527519	0.06950313773256
2421	1.45953995772431	0.237818735356648	1.44007372255957	0.123281212022266	1.40610692529444	0.143736732767604	1.39949889963718	0.142820924469889	1.37011841895322	0.133148591148385	1.41430672875713	0.139608698698555
142	1.40823883339657	0.197007905461843	1.35893529267639	0.135121166711449	1.48993101238518	0.186538025267808	1.56394144838819	0.192482668132802	1.6303612546627	0.227859917652588	1.64921975884508	0.209031706972592
2648	1.04558589553059	0.239842850534503	1.15249318116907	0.134530568421068	1.30871880241304	0.17184464090073	1.37636939938594	0.177826907133257	1.48984749149635	0.179658504923523	1.44863247350543	0.190288336439228
2518	0.900178632410345	0.171520307885326	0.665191307593561	0.0624306224669903	0.673602503617744	0.0689654354422615	0.717219511905643	0.0691284476063975	0.737265715331761	0.0805809698042565	0.734511455273684	0.0637376692079663
964	0.821525097561081	0.138268542881471	0.941609669260643	0.0853017672229873	0.947770368042128	0.123043731083678	0.96617776234221	0.108382515692801	0.93831654972942	0.121729891621266	0.984348673556835	0.115138385465533
688	0.237397881354323	0.0343499680345431	0.411401095176471	0.0550558355673981	0.340800756321116	0.0454865779727082	0.298674225485249	0.0455909958361146	0.263316158476807	0.0504065766098632	0.256725196762598	0.0411676579084083
2147	2.08041000397567	0.354652268098189	1.80193201873652	0.25470949581556	2.19280180230377	0.340607554274365	2.38253194916982	0.48146775898766	2.75792028005	0.535943016569579	2.63550295704341	0.606656562840028
1603	0.449714238012135	0.0869475862168733	0.635761378466911	0.0817022064079524	0.588827562589572	0.108443906711608	0.571664719541042	0.0846186975578849	0.563416621025494	0.0893837351867255	0.563781118961406	0.0722273918562603
774	1.11204051452341	0.174913611937999	0.918395260567153	0.0930492279477992	0.86087965077226	0.100721780547492	0.861824355181752	0.110766998704786	0.843489942196658	0.101641440759058	0.85183698923848	0.112144431382314
3130	1.55950029617889	0.321615548967432	1.29313990791615	0.150734471627904	1.44751865862049	0.214701958938392	1.54900133176366	0.249133612039535	1.69777823870716	0.299159284846051	1.70144695148067	0.297333968376674
1247	0.630124632618097	0.100869775758927	0.831572596489819	0.0859932260159032	0.717672785071381	0.0908947885795017	0.67677455550838	0.0712937566804782	0.626429116173905	0.0831071419981957	0.643490493617303	0.0889309026668385
3058	0.562118568548396	0.0831308357696164	0.756798308819454	0.0610505377209816	0.73814510135897	0.0705375220879502	0.757950445062738	0.0868320123390381	0.734303682144667	0.0906240658582577	0.782048647702141	0.105613736157346
612	0.607178082798374	0.0958228750670395	0.744307538492823	0.0888081802805722	0.765435035413764	0.0860024267373928	0.81277550264799	0.0924766806154169	0.814523995227932	0.0990374243470188	0.85377104480972	0.0815815851487431
3001	1.44792143870437	0.312475972516257	1.3250260409361	0.169700567943575	1.44051836587495	0.209442576516244	1.52681833380801	0.194289852795683	1.621939202001	0.250804889766506	1.60256548509201	0.222670007200455
718	0.478773458528676	0.0896896838823146	0.534515203323376	0.0614623564114748	0.550393135225289	0.0768131797056658	0.551864786081092	0.0584037862025531	0.560280258947054	0.0610980717022142	0.555336396552223	0.0719852818913044
1815	0.719050119575599	0.137498543919972	0.661421318983421	0.0651158083992495	0.530692691414193	0.0744116625570499	0.465060309412853	0.0747434421762616	0.419495150473859	0.0788677845745734	0.413358967853523	0.0878287726735423
2157	0.383291309306235	0.106042807809494	0.398089651625871	0.068526422296781	0.376666979987392	0.0590442255402647	0.365499288272933	0.064510542517123	0.344155845608895	0.0541712897166373	0.352176202748083	0.068943487250813
1288	0.925030936785457	0.144761518708783	0.979666655695232	0.0920633297868622	1.11858706456565	0.126189588387933	1.26863367034591	0.136935727820391	1.39588441961789	0.181201497715501	1.44649400394586	0.144624210835285
2521	0.662392235933684	0.124976875012434	0.634688525969871	0.0724226706076778	0.651960639339213	0.0926061044827793	0.679712671715857	0.0923827632571557	0.690897512018979	0.104029322220018	0.750351785245673	0.135818964182313
2420	1.68021998153204	0.244016816358193	1.31309504286824	0.156777245453116	1.43608236223567	0.17857277368366	1.53888308400636	0.215834766819302	1.54805197541673	0.284378858146337	1.67801254330128	0.246777120990516
2836	0.312532059987709	0.0633018173563469	0.627010813710328	0.0931296927338281	0.643619333176309	0.111794085757299	0.666643936948174	0.0909702424332175	0.671676726838397	0.112415296161573	0.706006487764814	0.095674974106387
2160	0.333724713594867	0.0505233734624108	0.414341443919567	0.0648779897593908	0.363021635912173	0.0528574038178795	0.343634050046519	0.0503350853914559	0.31862909353248	0.0533808769904632	0.324251322404863	0.0560475250386833
2461	0.778798908890134	0.128770046094879	0.572792445744377	0.0561001717738561	0.510950592252056	0.0664631214731546	0.473678900556636	0.0599787449362687	0.445962293115888	0.0546193681080484	0.438106037292122	0.0644043214482989
1157	0.570031979236073	0.0941019792624708	0.97356002669107	0.100351842824262	0.894219539363546	0.119616896093067	0.85224460212861	0.104902326339873	0.787937390200382	0.103671162464443	0.79272917875333	0.109453452237295
1997	0.792243550421962	0.210357533648033	1.05140185935229	0.156484002372554	1.15746628937609	0.207017148961427	1.2441221090469	0.17006512396884	1.27945393286811	0.164341468769369	1.29760780992035	0.137415824694913
1483	0.403891139053331	0.0696389168734028	0.509013643516715	0.0733841384620241	0.519400400117634	0.0782742640794757	0.53593912016527	0.0783917050580512	0.522441748557087	0.0687626600012732	0.525011193629119	0.0644459267989531
116	0.312614732924189	0.0890034656561148	0.393981904066369	0.0653930452959567	0.341687777942303	0.0671992991765805	0.324831520940667	0.0550552085982243	0.287154429285905	0.0577662419180369	0.303349173669877	0.0634339231883093
2929	1.83777968179212	0.441440108200166	1.18375885960064	0.212098915797719	1.30870616535104	0.257680300196574	1.39267744651097	0.22874464073404	1.4326692987889	0.272129787067269	1.4578563154006	0.205398780555794
2124	0.279893654430496	0.0515805462108927	0.452287325465604	0.0570829703377716	0.423433120410776	0.0579138623042736	0.434117966381488	0.0605858901676585	0.397625437247364	0.0573296955116488	0.430797429935616	0.0714288841553581
1357	1.29067791932875	0.259921477921379	1.2053109089133	0.155129157810493	1.38197027678136	0.181838708825771	1.49518174223332	0.223143996122898	1.67437795692325	0.238137898701977	1.67211640260666	0.253833582435021
897	0.777896189422624	0.123993486237643	0.96307591834652	0.087402375290955	0.938483581223209	0.0791785839023493	0.908610632705913	0.0860238908681731	0.869023302591866	0.0762454055693076	0.888087316168201	0.0814850439577589
216	0.546760170063963	0.084680632017221	0.703203059605974	0.0754677849663576	0.552844212911794	0.0723334707709656	0.482910447302496	0.0737652240913203	0.408845174019481	0.0703838221241045	0.393586036409156	0.0750852464133215
1709	0.268300345793884	0.0431389269489416	0.321640803809357	0.0466548561367428	0.23923163740853	0.0360260204994393	0.216983926616032	0.0416493547496682	0.175368091454977	0.0304241690313835	0.183488995496861	0.0394066141338296
164	0.645189315195943	0.123384838307066	0.842247433623258	0.0948099083676358	0.789575385269147	0.103854963362088	0.736786062455055	0.115921698790153	0.709325914547176	0.158209975692575	0.671782736818909	0.168538589113711
1950	8.30808450636659	3.58264545717057	7.16213752382089	2.05103062364441	7.53332797720167	1.85399657663883	7.92324154141165	2.27917876197346	8.26230805119634	2.67525646214627	8.22794720308926	2.42148694965542
1230	0.516389927637706	0.0903156484566028	0.554410639287354	0.0693839311322079	0.510402984402438	0.0625586895028833	0.47004636503613	0.0559956076994651	0.455210337365393	0.0529222887344849	0.443484225741606	0.056556483258874
481	0.368306727744796	0.0511119327908355	0.611558973091145	0.0566348169488198	0.58334168524758	0.0650387222290505	0.598071838331092	0.0657677222380895	0.580060416331744	0.0644345420109337	0.582765295217848	0.0746210719186269
1121	0.816341938710747	0.153398397174378	0.894872875438056	0.10100261259944	0.951664807282518	0.108714949498386	1.02303825965062	0.135804598098189	1.07756199096757	0.130257627074618	1.04763296482571	0.126802180840577
143	0.769568283375081	0.151002241602024	0.659555707077669	0.113994448216368	0.614020375743448	0.119499006975218	0.612581521785536	0.121811498959839	0.591002364602312	0.111341088006561	0.569448726535247	0.108724012106041
2000	0.327969560362437	0.0586072920063722	0.550429307280047	0.0595561211577316	0.623864766426529	0.0702342429303575	0.6899169067255	0.0757561842745082	0.700890176710988	0.0616445362750306	0.744243701148424	0.0585713520477435
2185	0.441573215189678	0.0791506502904894	0.53017213312306	0.0538794089272648	0.523332547660396	0.0628412622519883	0.546691761105906	0.0647586661102711	0.512979588888178	0.0591179515400825	0.529276790207178	0.0604681953937307
2195	2.37830154964283	0.467281012622578	1.4523987335113	0.134987200142061	1.45830624653534	0.194301003453861	1.41427555528062	0.151112860175189	1.43416445109324	0.133926245305074	1.3888748676242	0.111036396922296
154	0.952260116163114	0.206855827142716	0.764125374808204	0.106400976288733	0.683761683500511	0.106912890368277	0.596995883846973	0.09133789413273	0.574149094614224	0.111787734224981	0.53258842220246	0.105380813080435
1553	1.32985236479862	0.25433382971527	0.940690365670146	0.080064325669895	0.818709353865766	0.106206746963638	0.725002731992027	0.0951248786221087	0.665260183693411	0.100978040017429	0.634666249412819	0.089219866758032
852	2.78022184360676	0.617512478547975	2.37722683995091	0.304334173021578	3.05166990697818	0.447290850284488	3.30716777536217	0.473130917216613	3.77505751224035	0.608785371679251	3.86784558859678	0.635050501343125
1139	0.466073850604511	0.121938552341335	0.411919684280746	0.068411091689119	0.342189215927714	0.0570747592590914	0.318355752970389	0.0649962875970499	0.274096370338365	0.0504195007921104	0.275211284331038	0.0470628540272499
2577	0.681537143242876	0.12699022061615	0.783460645921071	0.104995539485764	0.834715611433474	0.143404512917883	0.855612677748661	0.13589562811022	0.881657790629339	0.121882871503006	0.8854444625867	0.0930990179193789
725	1.69301775826871	0.247415603307362	1.50546022364577	0.139318066635449	1.53476134393832	0.165929645051884	1.5681836447133	0.196145742645426	1.61870841499664	0.207012140261443	1.64266343340054	0.214691864239383
1299	2.54018936696908	0.54741289949825	1.41397957007923	0.150340346526424	1.4329507816966	0.169599623744279	1.4540850016619	0.171867458418654	1.50077826242709	0.209763987984451	1.48602569428073	0.175061048121396
747	0.870985498414975	0.24428730257672	1.36653982238025	0.11601008820395	1.47004282515573	0.153792950614932	1.4356742500061	0.168737035689	1.50846704757038	0.170371705049585	1.44070533858804	0.212788513592464
3145	1.14184159915436	0.226358279973106	1.12726394543128	0.0897893915849756	1.22798658331297	0.108850859229187	1.29303054049018	0.120299578520603	1.36071459540789	0.142066693620182	1.36324885343927	0.126813681420733
2846	0.715273365213273	0.150373937210149	0.556557719253299	0.0685490867594378	0.550155414344202	0.0858531002787402	0.570335793870094	0.0761378838249661	0.563251150093644	0.0613365504655926	0.546886767310033	0.0699308589204419
1582	0.480109395474208	0.0850315696268169	0.72495559163005	0.0718953617065049	0.699922649539083	0.0986406522724229	0.646546120780337	0.0831791197731998	0.599070393261766	0.0844899658310318	0.610735257434363	0.0658112233849165
3172	1.22337615588358	0.136790891857744	0.820000694380175	0.0614185280173195	0.851455434837595	0.0850244624700741	0.899040933823978	0.0804649791663632	0.930355549382735	0.085039779491715	0.919724080932137	0.0757261027881571
2190	0.261505151438232	0.0492942281136087	0.423949194712166	0.0617419622396572	0.375704174926838	0.071397952355685	0.367744450166947	0.0562878269095543	0.347554711841395	0.0478630873134628	0.347589071812977	0.0499110268365079
1607	2.04549303615924	0.343411328735129	1.29267146923123	0.127742143232706	1.28382557054864	0.146636692713222	1.2432179016206	0.122862697176483	1.22256084328264	0.135005457337329	1.171173843375	0.119592927275512
214	0.989296363146453	0.15421841870039	0.856379643521623	0.0795292337214422	0.74575279368066	0.0952974763209719	0.697999730694238	0.081721063046975	0.633140785049065	0.084445734414614	0.646092952703055	0.10068867065476
2487	2.83874510730572	0.552041006105103	1.73279890189918	0.15213706068669	1.93974401784976	0.187823583943931	2.02236036814079	0.218737326770945	2.23477978044316	0.231796456761583	2.1776759020715	0.243571442895952
1662	0.635379293657287	0.214056726893014	0.419367431624993	0.0788679216455706	0.392277142750744	0.0633737436609616	0.383354163902976	0.0646123400946228	0.375770935359227	0.0656287723215669	0.373037238000425	0.0539075417744257
1686	2.39005746662088	0.462458965208124	2.19034451907563	0.326400547507607	2.38322755811609	0.347558444259146	2.46260674999033	0.368679741349063	2.70931930730815	0.482641971774195	2.79224791225009	0.541014790703038
2904	0.506928013639634	0.0919494071536148	0.618523307390824	0.0556412981751363	0.516136373735011	0.056683636356873	0.465480350141199	0.0535033261662748	0.420965512774095	0.0475177152433945	0.407733910475953	0.062596154191858
1580	0.86488633262137	0.2203858931445	0.870404384343288	0.0693049517410973	0.811098688298243	0.0914087982179798	0.798524748605151	0.0978264142410504	0.770538286575344	0.0980224117034571	0.811425014196392	0.116164671749971
2661	2.4371453288222	0.440069464488368	2.32040804522997	0.279749540380949	3.07069601495467	0.528233166132556	3.54908461240444	0.558964707914125	4.10888559525387	0.806130943628158	4.04782802006639	0.795846614307029
564	0.968670404244344	0.190147441807079	0.816997928101777	0.0905968856503179	0.768169262513289	0.101281438375696	0.709952055991629	0.102349708013027	0.708891373073247	0.128189222071009	0.668410944542982	0.104907458874676
644	0.873325173778661	0.108991103285524	1.03679466823402	0.0937187046228816	1.04106410264739	0.147085379465874	1.025288481627	0.130362226608582	1.07345596336065	0.160914051616604	1.01021060679715	0.134023637385626
1758	0.765479622875925	0.131549716355117	0.800405666664353	0.0990562913965539	0.735138676878495	0.0958134607871767	0.715105523323519	0.0971601938868209	0.69036621074578	0.10408861050392	0.700752488629919	0.104083390650025
2795	1.91500871363323	0.313529517041614	1.50880501618819	0.119170586608363	1.7136228235507	0.208909599485454	1.82755954188794	0.225376969241648	2.00741700421785	0.257804608840905	2.06010225873774	0.246680756197672
2640	0.427290669812553	0.117762726092665	0.557024784060215	0.0639613409258261	0.546585823994678	0.0708129777402319	0.529848283720402	0.0591300037177707	0.501899476414089	0.0780937848012531	0.470922813184825	0.0654342505140575
1510	0.984560204305259	0.231671920940416	0.801149199913732	0.116594356236175	0.898199242408912	0.16241543104669	0.938484899136965	0.161551399938295	0.979251373289236	0.160634783692461	1.06313347196612	0.23252148988704
1316	1.20377306583173	0.21691524612248	1.02003246767899	0.0830805315835322	1.01233616605787	0.112816394779264	1.00818730395764	0.12172687861967	0.997817983907293	0.141826771159117	0.975986200968424	0.130293869271637
38	2.48720249695074	0.356291742915773	1.40588897281569	0.219787157587507	1.31728117358444	0.210364875679523	1.21730019509636	0.187722323536065	1.16579142402625	0.122528701630889	1.11761479496648	0.0931869250230553
1371	0.626357575790562	0.0952111737529833	0.654268996832527	0.0644313978562235	0.611907784283258	0.0862653952799867	0.601424792468663	0.0724785452708207	0.571167736682981	0.0727357557434508	0.579340739791487	0.0764332769281126
2892	0.596568921370015	0.128364702052585	0.647688635436885	0.0843847651818758	0.513730765862211	0.0628883198369874	0.487107550089757	0.072458816016355	0.431054095449986	0.0707165613562011	0.42881274045524	0.0714353324864227
1947	1.20887612980833	0.234634659114377	1.921828943884	0.253659856912415	2.07940144974322	0.29812297132974	2.19832949829038	0.375004626748884	2.38066935435971	0.38375535524769	2.35648873207978	0.357348070458862
1954	0.598575896192415	0.150848187746338	0.71149468358305	0.0701624856967821	0.731939334765755	0.0962762411038847	0.76669556548394	0.0789610248605761	0.79898400620734	0.0801085375742033	0.803988162735835	0.0865269944345872
1344	1.47696559012396	0.253613579571468	1.43602565201748	0.159629002690455	1.55723182955225	0.179031365397493	1.58309196596275	0.192949689868901	1.65554967978957	0.181995614069384	1.64745120635496	0.167599537056111
1192	0.230058760723741	0.0414565411202086	0.389683416567678	0.0429993092253431	0.308851396086179	0.0421616231987846	0.261637272762679	0.0437411640851886	0.219451709464595	0.0404582057678239	0.22865100292621	0.0487381008091469
2356	1.27240361189666	0.309781713101715	1.64885143568005	0.186947946907752	1.9734792004087	0.267308327960246	2.19927906581343	0.266853878162931	2.46757790915877	0.352545116979204	2.55548731196467	0.374232064155365
1953	0.17267207153777	0.0359518998957357	0.371527906235684	0.0497606542454911	0.323691635387899	0.0523285011877359	0.314314147843966	0.0490319077069263	0.297859539681022	0.0532829638145902	0.28821255987781	0.0470418035371793
926	4.09703183397909	0.922215964970568	2.60991577049681	0.410743084439682	3.00395731739496	0.570658940573586	3.0557073869393	0.555785445496327	3.36562922337568	0.63393026651212	3.23294603395558	0.659997639315222
1297	0.924341532654075	0.301422407907635	0.720229883688118	0.117409578066649	0.723316034915794	0.128059557983283	0.706702881395175	0.119534527754282	0.708299977680619	0.146206887570859	0.702808065321651	0.137374563925628
1156	0.560843615086256	0.105095594759545	0.779871861055463	0.0666329442766533	0.816384054583216	0.0933906206794183	0.842052114475243	0.0942814203385239	0.883911517636801	0.10889724284233	0.905218097053264	0.0766132933881456
282	0.476089699230539	0.0758310908306907	0.615679134666225	0.0672654005438113	0.593224935196395	0.0834341659724659	0.582686015500672	0.0858886801124576	0.558903850580249	0.0837257431500991	0.572916912958599	0.0739251475291478
1829	0.444896047366339	0.145565487106234	0.673110051597844	0.092398228898162	0.619032480442142	0.0994553799930473	0.590668726349096	0.0981282224319091	0.534135441855414	0.0808449939131396	0.572758995526292	0.0845267608690099
239	0.403225246135041	0.0972075341237609	0.486313414725022	0.0568026449120562	0.528163423141381	0.0706772099392786	0.574622317154297	0.0594049506947448	0.593000295576827	0.066473434801663	0.622189593417998	0.0747200764706776
358	0.335553104633142	0.0683936624949603	0.533193464042667	0.0610580053457932	0.528728762866319	0.0773504899961993	0.552139719003228	0.0697951565629647	0.536659688395377	0.0570802065505643	0.544689038020891	0.0558569583696038
2259	2.30574862323754	0.512876718939315	1.59788582864736	0.153078567359209	1.77077130956135	0.205752380460497	1.78030550129744	0.213075127300362	1.87933647908708	0.277275753217211	1.78973237088845	0.264822355986929
740	0.47883706807571	0.0679320072915368	0.604101715528904	0.062153846919698	0.530798124187642	0.0675877871630746	0.519428579756801	0.0729657954219623	0.46780633910675	0.061591971354587	0.47134431155806	0.0688160945991966
2336	2.68165877587073	0.635159803735258	2.30244814642718	0.434563399119103	2.40379132481019	0.450983634787181	2.40053454299685	0.457202011623686	2.39439384916244	0.484100502334765	2.5243968651942	0.395629513436381
1672	0.935210202501032	0.161682180834463	0.84684268925208	0.136560538338406	0.866103063427092	0.167405956640293	0.890033998048957	0.163162891506101	0.860265986639193	0.152783451390542	0.912018399968565	0.150562506635538
3047	2.10979799113944	0.45462121422058	1.26010643550664	0.147052018933639	1.13533746291626	0.187014042315461	1.01607444606138	0.140948127993448	0.963977125774726	0.131791670028035	0.942316675111604	0.121140351487498
1502	0.182186941910905	0.0353878218399271	0.486057888209755	0.0704245187345143	0.505099817255504	0.0757485039874635	0.534187032368438	0.081924095491875	0.532882764150936	0.0718963407458874	0.55144371842615	0.063328840715053
2384	0.472099181471099	0.0827866190521047	0.470955445867923	0.0676982359322008	0.408432278509831	0.0605876914224738	0.374113139643131	0.0617887454180493	0.347701461527116	0.0716950522332218	0.332370771635135	0.0585845521645705
1731	1.23898551030313	0.246971964958578	1.07575337914073	0.0870066045331473	1.12294272253063	0.0932808980055153	1.11974644426045	0.0931894573484729	1.14813347252052	0.117490936263423	1.14584432258747	0.114095264071655
1654	0.719349949100499	0.124522151474231	0.752558871694817	0.0927702614159325	0.74546838192125	0.0900872539602221	0.74884116288092	0.106757626464728	0.745802123330369	0.104668382018921	0.736640730652305	0.0958320656969395
1159	1.21317694524811	0.199584979974767	1.04230365272905	0.118135876559141	1.05940364323208	0.145901209262305	1.04740958588104	0.142852631646529	1.00861165107778	0.135327753440011	1.01970823865654	0.138461320526112
504	1.61972582084397	0.40022238193252	1.61387151276206	0.292682651142321	1.76955931307258	0.312266374319701	1.73876675626238	0.281978884186367	1.84906488403228	0.261513979490307	1.77339845581203	0.22024435459715
657	1.18412942520741	0.256372467453975	1.00906373542241	0.0986796118778801	0.97902961439252	0.121966198223642	0.992076180735431	0.13314056117947	0.959576207539292	0.127094597419015	0.99181735593114	0.127337035400331
1474	2.04736707165613	0.359886070388343	1.2856048189441	0.148984321049684	1.28418470278932	0.197041455718727	1.24794484214256	0.153938670506893	1.25693512108126	0.145960801173064	1.26508981055411	0.150238158132317
812	2.94039621748233	0.695997994526778	1.72178136598181	0.260696193503656	1.5731910009408	0.253060953302165	1.47327988588975	0.256081238125754	1.50033658001617	0.275584582653432	1.39522357387347	0.269914265739283
3163	1.25218690778918	0.259782649075792	0.934286729358512	0.0874208960377604	0.762648291609109	0.0875502636348485	0.707611013647429	0.0755710488951196	0.643394270337451	0.0774325348496635	0.642307860537364	0.0915027988996283
1804	2.82709394991709	0.613885990657731	1.87044399157695	0.174440918047477	2.18821577665195	0.269188922707867	2.26792710971003	0.312024919014459	2.47990416195226	0.387022334419189	2.44693159935394	0.380982541791875
3129	1.86027551113976	0.589705286590862	1.34338262080035	0.156136768981093	1.64422060897447	0.224623964482838	1.78500883102571	0.26391527881314	2.04791701421888	0.303512033815122	2.02171244514398	0.276605606202221
1754	0.667252431993249	0.253002406494457	0.673527166807178	0.102929247003778	0.656646544227086	0.112690002955416	0.648425264760242	0.115388446127862	0.643454733309765	0.105194392108571	0.645257967133231	0.0914848403342106
2946	1.45841340905577	0.27836567573616	1.57727247505301	0.178356483726077	1.64365679188493	0.224780513753236	1.69527464562812	0.27776826691519	1.7467778157245	0.292902273074457	1.86639269717333	0.369049223903038
2781	0.893761692076822	0.186126691120299	0.756842289163226	0.11489029776401	0.691657878615548	0.103628659869647	0.669410030732728	0.0885866387205615	0.643464585270141	0.0809641589940245	0.609280123790263	0.0630828423903415
2317	16.981164648158	4.75002989032131	5.89353209246571	1.53570676416572	9.57049360002553	3.20068021445268	11.3406085388405	3.38338930474972	15.83679859238	6.46480831835028	16.4777985765949	7.49735032630633
2762	0.568364303661105	0.113398084419003	0.791905180260052	0.057045153346768	0.814194520040663	0.0725407663568427	0.833952011595325	0.0730564148228434	0.822841548665335	0.0866732501686641	0.860209140720313	0.0808283921413444
2365	1.53347470463936	0.272841961720884	1.3635449650948	0.157295073181157	1.34200391564361	0.234541389149501	1.23948922954329	0.259946017946607	1.21616949237049	0.191873532814251	1.13653951913716	0.216291175119053
255	0.720391350920399	0.116302764389408	0.738752073401779	0.0722474782612003	0.783346362288072	0.0991555846972902	0.799612488463778	0.0819202750783088	0.816235211597912	0.0980056884535931	0.806599030849925	0.0958243026555808
976	0.23983481130409	0.0441505225233163	0.437556159479149	0.0488072881336413	0.441324162083908	0.0910287552039718	0.467204981093469	0.06984841034014	0.450744679432445	0.0623523741529434	0.483109591608028	0.0620486523436143
3107	2.55825346881655	0.643149042201772	1.50244683911445	0.213658498432346	1.61824766928232	0.23308805382986	1.66960404599653	0.250117561158874	1.78809336474645	0.302491355140326	1.74588998931209	0.211059682026561
2277	0.343979711240406	0.0801823311289308	0.483125896420163	0.0897496426607335	0.440444938351092	0.0731358447652871	0.426335610885674	0.0738677612705455	0.390196841399745	0.070307063388065	0.38397781210216	0.0675908650260164
1160	0.873281675729008	0.19833070014882	0.984282942958109	0.114113559509098	0.950086870426463	0.139672101693888	0.919236236478046	0.126851711751445	0.875908149657385	0.139579092552718	0.886513973377388	0.114705146175846
934	0.7222039069638	0.146353721999766	0.826663187913405	0.108584317636635	0.789759646104573	0.108089212157828	0.767327821215173	0.107165964580292	0.747142760434252	0.100748123344595	0.762098387087331	0.0893849550521512
404	4.16929631896523	0.910641470227522	3.0544979248408	0.488963879031672	3.27957681011558	0.528753997463909	3.46013235748646	0.519629347398373	3.56778856031745	0.606460901038391	3.58862947633034	0.52393388792054
3017	0.96483711454751	0.139126235010126	1.0758628807377	0.125570077075616	1.00940058747185	0.140396289307926	0.966027518327185	0.139186362437912	0.92402432362428	0.13828626100626	0.890043932200665	0.0930506180515354
590	0.459690804258491	0.125460796851449	0.502305041823137	0.0805173474029072	0.471587009559867	0.0917611356261603	0.43968141258995	0.083270859369385	0.397086490474423	0.0949413757164573	0.381376750874751	0.0816442547532231
1334	1.14017553324959	0.200750141611535	1.52810138430834	0.153878510520941	1.79236147289232	0.247623264318175	1.93481190559152	0.27001445394264	2.0728737831506	0.334255956513582	2.14181636803895	0.321458353399314
2556	1.76801709435327	0.399061502182628	1.42479724187517	0.21837323014438	1.55356045841403	0.256026215193429	1.66562445409488	0.306005658609668	1.79758467112652	0.326393515541654	1.7370936728489	0.247362382804831
2349	1.21726456010048	0.178864284323813	1.12039281063392	0.098222108686701	0.96449762346658	0.113315979343032	0.888535345710072	0.11466310708933	0.834900368584868	0.104944870052151	0.833259870508977	0.110086673479725
561	0.667136692032723	0.116537486130093	0.990501003812848	0.0817618023141964	0.895451476772234	0.10808213968039	0.884346246894297	0.0902224598303303	0.836356061555261	0.0952921668046551	0.850867139479596	0.0785830736509028
2646	0.508707321862597	0.133196241725739	0.762133033069768	0.0614039716072316	0.656260762350037	0.0710143958466698	0.58550475495062	0.0649564848947864	0.531685508290771	0.0600762534325232	0.532087725287086	0.0687549547738764
338	3.37791529406913	0.734826429827787	2.37322232920555	0.298709989065777	2.8403439197663	0.508639083209373	3.06519750669982	0.408134353204596	3.57303837089998	0.450742392880256	3.50743760831027	0.58906932269657
2333	1.29837045108992	0.263580365693468	1.13225565426405	0.107877297938569	1.18029772006558	0.114344152097985	1.15546537711974	0.108774360199182	1.18063992125372	0.112473857777076	1.15382424960286	0.0874395747386035
2348	0.38360184491053	0.0520683063159913	0.736593358142863	0.049964559905147	0.676746287282841	0.0555746524365742	0.676518825771781	0.0555992369928515	0.625228198459354	0.0530535504889674	0.636901711326898	0.0617059009191359
2112	0.407170646888068	0.0597451394222313	0.528691222280162	0.0702264129931573	0.508047419802041	0.0626285455249153	0.487992772678354	0.0671679574652137	0.46962722593374	0.0735362766166179	0.452306535261283	0.0636018531030921
1135	9.25476835501693	2.53851428703855	4.20995832749293	0.863927232401832	4.65594763823494	0.956235591052253	5.01969025483751	1.07463865113219	5.26363998451469	1.17681653622497	5.24798907258093	1.09407251625459
966	0.664189901253828	0.174727461740901	0.784973931320965	0.0873561578271134	0.778962928742882	0.093723653386518	0.820977935935189	0.102637170547677	0.812067617329217	0.129727429069097	0.839106435718449	0.134528987019235
629	0.703382653929749	0.107172023091322	0.687980236329466	0.0537411199609755	0.652530259664699	0.080996917558908	0.638511744944556	0.0789033056849579	0.593464620819463	0.0636559699924132	0.628010877673007	0.076969273557336
2437	1.28338849433539	0.283865996129251	1.12323733746234	0.0916690617085641	1.03175825378985	0.102428472344225	0.987389710826434	0.105405213339743	0.951350429412012	0.100258811662237	0.947878085007112	0.10394111466739
2834	6.59407006946113	1.88392275971288	3.50757216009022	0.662401581774402	4.45414603180818	1.13996192349605	4.70062453853851	1.08810598163248	5.66300218501692	1.37674382432842	5.16489872465359	1.15875163732092
509	1.9726629603714	0.285189700940434	1.15887527497415	0.136792326204688	1.09460626080293	0.144857320252144	1.02095645096668	0.160529587184213	0.961116259557073	0.156999337836654	0.882260607100806	0.121469343890763
689	0.807983499075313	0.146719563860001	1.10091267129661	0.125306252063456	1.13094495532995	0.191534214617194	1.10634139279298	0.162130420462843	1.15452382701002	0.192992634176692	1.14673397302857	0.119425583075315
133	8.33715976954753	2.74131547708214	2.84732276228912	0.677536542129924	2.70697874697915	0.547229366836724	2.65743817383106	0.608477470061468	2.88782672306472	0.692588391818722	2.6407789044381	0.649163298796368
1974	1.01167287918669	0.212537178354471	0.941983244247165	0.0964153650827593	0.815484530855819	0.124272285743023	0.73234929254887	0.0981415271274386	0.686707194294922	0.0940979395593085	0.682763902116909	0.108785882538303
779	1.81025700161401	0.448637814476277	1.19635166476806	0.14222229822111	1.18484281829296	0.155670265986868	1.20626732047012	0.154465145920869	1.232382778953	0.161796338686374	1.16939012167817	0.129152578265596
1312	0.730490869508101	0.0955401816501581	0.767090421307377	0.0585624547340774	0.743386159637305	0.0748272909046452	0.751580142290136	0.0761459789625441	0.725259693909414	0.0799844447898302	0.726561605606154	0.0969185329937741
692	4.28816103717611	1.32183763533102	1.74034886692895	0.309808140900408	1.5336150592911	0.29854908568004	1.5258589398123	0.346554697332231	1.44585190304506	0.34104667619387	1.33910549241983	0.304148451916704
3070	0.808837680385927	0.12967344378397	0.896583935105886	0.0758829780109039	0.933837000516922	0.0906804436445595	0.958599928094345	0.107036399366994	0.992046395110518	0.0999628105051198	0.979307877929654	0.0861961298151045
201	0.976857928060169	0.189565860985541	0.881278187882139	0.116179352100471	0.86960103160011	0.113887350678459	0.883585446289434	0.103233774116578	0.88567913326485	0.11194268879367	0.848630595935102	0.102150560143938
1720	0.316518064433806	0.0776377964429515	0.62926168559131	0.076418720401093	0.6133894550973	0.095705141304046	0.608530805427522	0.0804227006860602	0.598795463720232	0.0871557648683319	0.585214179323392	0.0889890575331893
1298	2.0201290556984	0.572162045874718	2.07364037448697	0.29142199182789	2.3367227552661	0.369951207531041	2.4798006676365	0.384408252504379	2.65369977816858	0.466558680250565	2.65669947953168	0.369767825388371
2007	1.92361077853336	0.510434160017563	0.915821010753591	0.0961632241288315	0.904231093596986	0.117046216090919	0.904349188532768	0.121383303079317	0.893604445413093	0.0952153783622955	0.856907523858027	0.0891885617678311
1563	5.27259784015098	1.30034753779511	2.90780579399217	0.553151779630588	3.12496380690498	0.634620825791549	3.09026715568517	0.506821123205609	3.35773549030922	0.549375791716177	3.19020038692113	0.503726033638419
2347	0.553316258408276	0.135398855517016	0.721596894738912	0.0440093633582992	0.612991075603377	0.0629672723954184	0.566758378658838	0.055854838150525	0.502329010969237	0.062462816646674	0.513907009189338	0.0637902751202286
2563	0.720616733373719	0.140206491261016	0.898197980172451	0.0922548285245768	0.944912934723467	0.151880320157076	0.945192817394428	0.152031175129737	0.966903755951049	0.170084889555872	0.935588113939634	0.135128422393263
2295	1.93875547715956	0.433879495021229	1.00964613770222	0.13958424172702	0.961913369713685	0.238365990115317	0.911272844640285	0.228491496604722	0.880870313341073	0.235509719948683	0.811449633909732	0.183496362592385
431	1.11207826492331	0.216763338673032	0.762766758657784	0.105986786383905	0.859418408774184	0.150169289621892	0.924548954045474	0.116131912491733	0.98387526847792	0.134722398417751	1.03731739347774	0.129827390957235
2740	0.870389867478445	0.124445410112198	1.04949521092323	0.0853799964349544	1.1105393915044	0.111438113171379	1.13106363478976	0.104218764551507	1.18495228795097	0.112116346029622	1.18755980592978	0.108030807762878
955	0.429179222447564	0.118764712409643	0.698639957120443	0.0940801863907619	0.646666883382572	0.113147513012219	0.618572186968126	0.0909443433691794	0.595860113838085	0.0872603905354904	0.574572858388079	0.0730173725353651
2341	0.772763646550556	0.184944449823318	1.05563533163463	0.0874691486603389	1.18899739477286	0.109746115483646	1.26027361263508	0.118378765995475	1.29838784752324	0.146552295140489	1.34908183713262	0.130016369975373
194	1.81216917133863	0.406687921265981	1.40860501845494	0.0988941848211785	1.6090476578555	0.175344025845426	1.74107742742811	0.228954728134277	1.90605727288282	0.28686902044392	2.01401028271994	0.30699780099202
77	0.860616424391288	0.126885053740144	0.606801739270553	0.0769902529348648	0.478066733179631	0.0758526122758663	0.456280045639429	0.0763905868250077	0.394519423638656	0.0511973039784723	0.419205768372131	0.0655975517007369
2948	0.775565647705651	0.147298608298737	1.00386911054422	0.0980099693958496	0.930984724426589	0.127401260571829	0.851141533306297	0.12498183984518	0.805708664178093	0.121312678791075	0.779795565788219	0.102522801055234
1000	1.22973837068809	0.189860041518961	0.887738794592784	0.0993299159019648	0.827415686707086	0.135374409185259	0.746383613706527	0.104570637469675	0.707684017343992	0.115125946946261	0.673615787873308	0.107085962254483
1641	1.53736262386805	0.283143977120472	1.08714888124695	0.108445400826697	1.16636599090601	0.141728731611596	1.2620922189897	0.187278334194684	1.27883760360535	0.199843636565027	1.35347957452837	0.2327640839686
836	0.433129819020357	0.0925274374611763	0.821166015844609	0.0761925715369622	0.8379946427575	0.115480458932298	0.869731104125139	0.11040287870658	0.876141724190591	0.110824875814933	0.91110497862311	0.0990875372216246
2247	0.327848170235718	0.0686005241897906	0.449086703769639	0.0656830860460185	0.444963852376464	0.0650093711012938	0.453405602650392	0.0663919422493571	0.451004844941564	0.0763465942520857	0.44777817480463	0.0699460286239355
2058	0.901808020031175	0.176620585819479	1.13099447163357	0.130255580046199	1.14807386139201	0.18260822182872	1.10459039495912	0.19666252387475	1.14939810039325	0.204252550233687	1.08399605998279	0.194083432525113
928	0.695007627705803	0.237791133641075	0.564435209745721	0.0895110562982008	0.490728439768044	0.0927106784329099	0.445678675437634	0.0951248819011809	0.42597282398684	0.0904493731396657	0.392055196721768	0.0791138222659102
1478	1.8267894789531	0.398549307253126	1.50387228213295	0.231899356641973	2.12849182575029	0.411973276368876	2.49894636072007	0.467441329411078	3.12760678897399	0.780518585494305	3.2918318375374	0.760032335360721
189	0.766572181845252	0.246574782205461	0.486887327635267	0.0864333294192924	0.416605651894952	0.0777464219398264	0.40296754678068	0.0600524311442598	0.376022148500264	0.0692879732104116	0.387438636670359	0.0653964477722334
2451	0.172001079874224	0.0439279566028661	0.358639379000578	0.0714486561506063	0.327969573300855	0.0760209650085949	0.345797943739521	0.0704164630754384	0.327243744562062	0.0595584710751946	0.326636889229598	0.0554162482466571
1495	1.89497672645659	0.491733818581352	1.17751360822271	0.143300900010725	1.06835063373262	0.188399933362426	0.983086172813862	0.147244876813047	0.929366525222394	0.168850764752901	0.86237186831368	0.157525813741512
1463	1.13433384906603	0.234273825369032	1.0609585335903	0.131094993313446	1.10020588865	0.134904776378312	1.11309645473169	0.101123442505201	1.1629949489425	0.13165465120677	1.13034048832087	0.121777932144723
1367	1.41322195414358	0.251391659289002	0.912228371374823	0.0765979910004299	0.871205701801159	0.118665948301114	0.828937893735801	0.100796991667105	0.789574755119333	0.103679869423652	0.796064961266422	0.0960152121053202
340	1.0246689403683	0.127234212656428	1.00846306579618	0.0583803321521098	0.985948205283935	0.0787047552084828	0.952416638386893	0.0764701268006189	0.974347303575166	0.0719333770918473	0.933039265554112	0.0730731610420599
877	1.40389923217443	0.219915881719565	1.16478503721811	0.0935766888181267	1.24659753745173	0.121790984505129	1.17666507161613	0.118601015504633	1.18485197743763	0.132172130632298	1.13993179288473	0.112527386591199
930	3.3266260800835	1.06302346842379	2.37160285910732	0.413877763726716	2.73239936488562	0.658898629432701	2.73544519339084	0.596701671552053	3.08040080507494	0.766934667751674	2.77733546637141	0.539060348004897
144	0.663745383684472	0.155638435362158	0.912751138459832	0.140695247748255	0.925779273437232	0.168011527077067	0.947428453063906	0.185970823901994	0.936695226585838	0.155883490799459	0.973580483742826	0.132237001035803
1278	0.278207932656795	0.0733478383341049	0.485331004777819	0.0656920709487934	0.419617062702268	0.0566469403170957	0.405022107407198	0.0593556906039121	0.366145956231339	0.0529814069164625	0.373465952328249	0.0670714916523527
2457	0.416516095965382	0.0848472589335334	0.7469878587559	0.0512091355224186	0.639153908211846	0.0608813150586843	0.600214909063988	0.0604441059233378	0.541507205696781	0.0559668607891794	0.547802201068857	0.0703440865919739
2753	1.97266535319589	0.402064294920411	1.37643103166922	0.115473703682064	1.32845181754917	0.121449561535657	1.34596856881569	0.142156617896887	1.2918732196571	0.169400941701711	1.27534022597753	0.149803345654877
533	0.342996729161993	0.0629971377340297	0.524379540133993	0.0682973853598598	0.539514242242499	0.0931150360874941	0.592523310413313	0.118668144639951	0.620745770921981	0.140207606028556	0.71999008453841	0.129573346237127
2296	0.350785140417927	0.0575960039511616	0.520235642446365	0.0554795928757581	0.406698436869492	0.056598254897959	0.369156008959939	0.0711952422239107	0.308863378524846	0.0552670000832023	0.31249162100294	0.0540105996327208
1035	0.534805140103067	0.106161652646282	0.726124603489872	0.0817632994938217	0.737006262445523	0.113810345682628	0.736067124008177	0.082981870528817	0.736989638281976	0.0919568342925294	0.739303654663919	0.0684953172860061
1864	0.546462515595151	0.0982683454559482	0.601736394898363	0.0622537099203602	0.582144721720592	0.068631962519539	0.569584480510089	0.0570693007170257	0.542468576022063	0.0765722397724002	0.545213397196878	0.0558163631002172
217	1.72775014995146	0.296089723168603	1.26599925026194	0.128591560196469	1.39806261611226	0.203535899625475	1.46097448807181	0.203709903602257	1.49355052597169	0.27121289770933	1.52952005123694	0.263251876247573
3155	1.22496179890263	0.313358132062919	0.971016714385369	0.142063533307491	0.837658235919298	0.149441113775586	0.761009021390926	0.120093523328947	0.731843574528144	0.123049634680872	0.698249683249689	0.0714893499937896
84	0.964710893940478	0.137495467508563	0.898910084160043	0.0570570884109639	0.903250384298938	0.0537392625112529	0.918874012624302	0.0609108090896734	0.930986635405948	0.0650039666398629	0.941720799618757	0.0747968178536209
2923	0.960090794577967	0.268805318095888	0.559333328152344	0.0829106173666813	0.485235825141468	0.0868517598604157	0.432145061433698	0.0812863030543518	0.381427062850774	0.0741064683908069	0.398951571486239	0.0745198286448034
2	2.09782541681242	0.640092297888442	1.60676165284572	0.198874983607804	1.66163404035598	0.233322776037294	1.60247474980823	0.225638873949355	1.64518188903584	0.275754137450525	1.56799389288448	0.186700659212649
1399	0.589217485234983	0.10720201054795	0.76162077049761	0.0840062187819173	0.806023226066898	0.103460133546355	0.886745365322467	0.104970524745017	0.922533933293626	0.10100593762219	0.940405700753838	0.0910898966701086
2467	1.0493488070182	0.134730101968906	1.37695321644065	0.102649198030995	1.40094751200182	0.144388588375483	1.45183053659684	0.181502353993107	1.44441797883075	0.183716581050941	1.50253881403838	0.18487434003313
2371	1.73784379417588	0.439377144854548	1.77188246602867	0.220875800051727	2.03253533927029	0.307152934238685	2.11737823866177	0.268997277135363	2.3749196344538	0.279266726816548	2.28576202958528	0.267459184467692
274	6.29483998522658	1.6970339167371	4.79739821622355	1.31099315396762	4.91205518427954	1.35978588375066	5.24581025186933	1.49023551430832	5.30961580861175	1.69942825215022	4.88913777237991	1.42239532542888
2680	0.652638215931677	0.110496146056923	0.823786654663095	0.087753884538213	0.946201319841884	0.120570364590546	1.05976813942202	0.140020182323779	1.14507935046995	0.153510279132388	1.20438335219663	0.118288332895137
2965	0.65784861235309	0.131791155226265	0.701242342845666	0.0658005660277272	0.595459546056648	0.0812537698374481	0.537831901494657	0.0720206577343546	0.485297512272999	0.0574664818379912	0.489634456611232	0.0769602383437137
2991	0.617533624771856	0.0881765753934392	0.719151699724101	0.0760583697384194	0.799289531373635	0.0929905496142395	0.884216352772672	0.0982400089533948	0.91644583328495	0.0878297630587902	0.943745192173964	0.0796614642578649
1554	1.27059820325826	0.305200011253771	1.28124442830559	0.180984113590755	1.13233097665342	0.213313219642733	1.01790511349376	0.217577267660548	0.936872744902858	0.220169043355215	0.866477904740027	0.215156120925141
850	0.670254318432051	0.164879407450848	1.06778309130134	0.0961464422168374	1.06485448503648	0.122894016624535	1.14039345023428	0.120880626125282	1.11889458901886	0.155787533271112	1.1914609517486	0.162164335896237
614	0.393193134571863	0.0463719479990424	0.591483864899105	0.0453294667860322	0.55631733359792	0.0608105166495859	0.566908783323417	0.0669053403108923	0.519920686058713	0.062938136519242	0.5395874821839	0.0639331280268347
871	3.15948207258325	1.00225228935906	3.48420318597153	0.753051514493844	4.58405098033039	0.963204483882745	4.63474741943457	0.979783095937083	5.73404109048876	1.33236576620086	5.50740312574914	1.28132179776424
2015	1.9907869483205	0.411970106069579	1.28200203510246	0.167826322200658	1.12608956589591	0.170323084550944	1.03934225843685	0.199362759240763	0.973093720058481	0.126228217848605	0.96918458282129	0.154065506012722
1513	2.12040511625404	0.456963230206027	1.68884674792053	0.202576592064405	1.74321389931557	0.289133331972174	1.79074990673504	0.307971911807976	1.87902529705251	0.332994770958551	1.98453797019439	0.425752753670461
1194	17.936025401492	6.0782245612108	7.05423684888174	2.37015165200404	8.17084074410309	3.12115987398103	9.11153101937707	3.16331036023908	10.8542890805841	3.90033082191953	10.4040729016345	3.69328218518525
368	0.633309002213258	0.132802807908305	0.757257062157351	0.0702254605526235	0.761582990762691	0.0730785371363852	0.789651591445873	0.0791339319426573	0.801915133752461	0.103583156337245	0.78275971551024	0.0781280888016469
129	1.49436621833288	0.245079704735759	1.63598082873202	0.175782493188074	1.80202623710966	0.237775648129442	1.96321785418749	0.268237114007103	2.04556335793502	0.296400815491446	2.13403800682276	0.253679985966055
1616	0.264080991857752	0.074545552111054	0.373114547799989	0.0594954063586225	0.35868819120609	0.0688052716292347	0.358943911039324	0.05951922557373	0.337720054105805	0.0662661084085083	0.353600919698163	0.0526217475667888
1504	0.866475492536427	0.163409286096093	0.984582183324972	0.0743485423968217	0.976599409926307	0.0951128297300782	0.98010116654545	0.103002645390427	0.978017753234317	0.103912114717755	0.988886188019971	0.119299800871621
408	0.465922826973594	0.103069550897274	0.591130561329982	0.0637444716324163	0.474975225150742	0.0536460888111225	0.422702882756791	0.0618149229406627	0.367387329588553	0.0500014168697638	0.366725301272932	0.0607239176833828
1999	0.376820390883789	0.0619523156816482	0.402610773682001	0.0584075931242602	0.290700467114874	0.0518913656251141	0.258024003558997	0.0492560850854885	0.217431250802049	0.0407049461030731	0.212266672343764	0.0395067942838239
2739	0.965220662306943	0.151549903821967	1.27541203020684	0.108778421871691	1.31012689323292	0.150650599257129	1.36040346046246	0.18025443865986	1.35438624585761	0.178052022658993	1.40325128759313	0.182499169746951
280	1.29199143736066	0.201477096120789	1.32749651700763	0.148938291456721	1.48015576773798	0.173504288598497	1.57993134389488	0.17368346180312	1.72361122714269	0.197295176236186	1.72029456700093	0.175862556824285
1397	0.442278917024779	0.0561753219091263	0.719975383835738	0.0748893488541074	0.665335481997242	0.0966283346382623	0.667604917998075	0.101380687848222	0.624383628315099	0.0892747107591533	0.673155752043474	0.09974902964484
3025	0.81038160152167	0.225218308441225	0.898600075363151	0.0837525159225305	0.931694156141269	0.0962390294272264	0.971708096404796	0.0923314826703544	0.996589888848828	0.108255894291238	1.01058596281748	0.0815675378866581
2897	0.681947725534437	0.101365334632132	0.751438193599426	0.0912865232844691	0.763701944122653	0.0957736605086925	0.772163235911911	0.0859941690460169	0.78972816020756	0.0860041903065863	0.782711144250029	0.0635747364213223
2283	4.32285320083776	1.55517781475887	2.19140709231024	0.257107190073516	2.62609500247991	0.319727175139193	2.74804296233615	0.452153813823548	2.99551337590539	0.449548310080063	2.91946812285772	0.464970676618381
2086	0.800677554391222	0.170466813834719	0.910094515509589	0.117279425562843	0.884828199184269	0.111166063883517	0.869798759343594	0.111505582168467	0.868544622462069	0.088540004990605	0.818774151540556	0.0742775070216852
211	0.843618048550391	0.269435541612169	1.53874676890286	0.189528609610285	1.77258869350811	0.227109538823981	1.86665768583098	0.250001670875191	1.96084893015411	0.266549017706941	2.01148771781547	0.255036745697387
1595	0.423588349862922	0.0648979325942808	0.479329360245734	0.0582588448899198	0.387863842116534	0.054505766231665	0.35643440616125	0.0649207523966956	0.315757045772931	0.0541433464871148	0.335106282551113	0.0582202277591623
2165	0.860606859544018	0.23674221727924	0.830767443577065	0.10180981049332	0.748797681387725	0.113384658852494	0.719772040179031	0.10124101988403	0.663177065888164	0.104599497289382	0.680301855202981	0.0951508472576234
1934	0.141886169516741	0.0299171374869811	0.322879579652191	0.0463048105681278	0.287091992378206	0.0427817470473522	0.295095619886055	0.0424541766295608	0.264514433378035	0.0427004917317068	0.262663333287814	0.0338897821005065
2690	6.65721197061435	1.74533189348444	4.53654989183352	1.15253090901869	4.44945048058492	1.42427304573553	4.00100077509954	1.1456797301561	3.9373864433492	1.21734329647443	3.58260947120496	0.946107452797232
2616	4.21672285530063	0.954030061509947	2.28775802443969	0.411689984800467	2.42031215424654	0.49986276564438	2.26163907617619	0.419621456566705	2.4091913878886	0.49893660493831	2.16391633906912	0.39931867831118
2508	2.36530975863232	0.555359191429526	1.31643964987173	0.13477651034138	1.3322780782957	0.163134355507608	1.2941601342137	0.165989239992347	1.33894819811823	0.141677036769702	1.28754580434637	0.146907098579217
603	2.74471119116336	0.502271173639593	1.92209916820053	0.272220159403568	2.33001635195619	0.483512873951742	2.62970950537088	0.526544052030387	2.9552197850388	0.72711120171458	3.14730501677945	0.648369000895008
1957	1.90166299571992	0.437691642315285	2.18505374218054	0.294701463682621	2.41674763738326	0.386548839061705	2.63060854022022	0.402029550234135	2.87560507221106	0.623535524700068	3.01322236245845	0.608985643358088
1154	0.398859177128154	0.0613971077850331	0.946439451584377	0.0835217619006187	1.03897299024878	0.117568081357357	1.10799853106584	0.103825551293633	1.15763311383868	0.138978517153066	1.15238863564888	0.0904440370034036
170	0.272872918809906	0.0482939274255478	0.428789799083672	0.0531397885283028	0.408223259108326	0.0560322921072223	0.413955039314141	0.0542034172502279	0.400617671602772	0.0543060261998716	0.404150635670379	0.0479565459396226
2054	0.749068327845629	0.13172340104663	0.85626446890048	0.0773242938792178	0.815826632820403	0.0782898492845712	0.802338016959929	0.0842445087789072	0.776422224286768	0.0909993919909686	0.79921393458086	0.105328342529474
901	1.49846539432089	0.267807416670954	1.27016115025144	0.12193257181366	1.25785557040374	0.165724210472073	1.25828170851125	0.179879394944583	1.30641145667922	0.191813866528162	1.32974564045452	0.191567465665645
1601	5.97950751247994	2.07628025490648	4.30868888169877	1.11692316368704	5.01727644985731	1.2095115432935	5.00209750857479	1.33301019763556	5.92761491218582	1.40823555763978	5.6229202649928	1.53845769204582
1283	0.820713779552975	0.337735637898681	1.01885807327937	0.150686057277387	1.00916778128031	0.183619396843229	0.996741468774656	0.156523112951184	0.98057628234601	0.164875912805067	0.95932116283816	0.153670230776131
2126	0.260901672535153	0.0510133964890665	0.486082518455444	0.0754669981723956	0.459597662583863	0.0867757458499765	0.465917130710047	0.0662044086881353	0.470473386269838	0.0617465356935191	0.484030509979835	0.0652622132983981
2710	0.472141327352337	0.0968770107123556	0.76665025466316	0.116132308246131	0.734841920276293	0.119257639219736	0.738947357609	0.0970417026540396	0.749613611734247	0.0947081651877898	0.768918223466123	0.0831782155454768
2887	1.77097158473966	0.329060751599918	1.0467554434161	0.0824810406869259	1.09018032698152	0.106589297613435	1.11195062651682	0.108474837118228	1.17608722437453	0.139949706230396	1.19870354798098	0.114887637580417
851	0.204847440285683	0.0556343664113752	0.308631432617319	0.0462207148305575	0.232487694784907	0.0427669459770375	0.208369479506034	0.0397447219631344	0.175587611537856	0.0381307714907652	0.17005711555171	0.0384254543519212
3082	0.869492750392478	0.161734643861132	1.12957114111982	0.194967735158315	1.17764627246399	0.25570785369663	1.1430961482361	0.187224155961203	1.16460888788821	0.20052034602313	1.11630876642235	0.170736161598833
1768	0.547351510249577	0.133811575271177	0.699501575562567	0.0611405839166984	0.631690453697311	0.0867142619529996	0.596259300210022	0.078835712022674	0.558877426426092	0.0798207127752984	0.599396413242116	0.111864993698081
849	0.89371922107371	0.19396602152592	1.42664806749028	0.224548147856838	1.36631871357247	0.255348901247056	1.41407335716429	0.268995236091859	1.44223359636288	0.276868622815656	1.41676626756097	0.266696980065335
2751	10.0718858012126	3.992920198124	3.31254638239498	0.936950631440479	3.73331374295095	1.04152508546262	3.68493515204573	0.958168223831718	3.76825776373133	1.11107717401991	3.57088111594124	0.831927081595947
979	0.625359729653493	0.112000898659783	0.621095948361344	0.0730943670927818	0.574596330343381	0.0832461412301405	0.587929327524944	0.0769049830503603	0.576746381185486	0.0718242603975865	0.566209949538355	0.072690942716949
1760	0.431987024738919	0.0641208488684324	0.704792971596747	0.0634419502609326	0.751509608178044	0.0841273490639847	0.781662064995463	0.0814703359574705	0.801861865800614	0.0876318202325128	0.816169385332767	0.0639163436683489
273	0.674995145074524	0.143229685512578	0.86619238253137	0.0961982763410045	0.74430111975877	0.106494341572919	0.696734869222498	0.110061653704796	0.61766884886614	0.135984288002287	0.650548525431832	0.132677564949756
1714	1.1294984397782	0.232324743731186	0.987912084002101	0.0820678818941045	0.949176331720663	0.0963383421899992	0.925181101765065	0.0922679636955476	0.953263685780974	0.10563409324817	0.931589500358498	0.0691173886502694
1773	0.59621105257322	0.100126718067611	0.82114611824037	0.113435352456644	0.928737021904983	0.143030494692027	0.989478265454129	0.121113176137014	1.06343391953059	0.124889125064197	1.06168966781824	0.108047978303434
1012	2.58504218510095	1.06264447704078	4.19619984120428	0.796469541724691	5.21058190596319	1.15462834170633	5.38801048614627	1.47836105719698	5.90561883957415	1.66557889712878	5.80709125466033	1.7058449099966
1231	0.324073111426775	0.0919808824945348	0.348421425614734	0.0482934098209253	0.28351153752425	0.0450572539285628	0.258600859423336	0.042406212729159	0.223172240826915	0.0368183749240564	0.222288660913693	0.0452640610831721
1488	0.415156065586475	0.11062536555982	0.583495607428344	0.0968825460785106	0.559719453059538	0.120005786008245	0.571293043638981	0.116127425126616	0.562308984767715	0.102191630749245	0.612813609868021	0.0953145707493951
1749	0.684557593502132	0.100081125799036	0.853048905544109	0.0940060137049845	0.883661524610208	0.131081525268193	0.939151823619762	0.125822861938854	0.953037818986135	0.116630917247524	0.968747758503844	0.0817228186565002
1245	2.08708132082724	0.476346254952371	1.50955035900697	0.174114530917256	1.76828453805095	0.218442337543204	1.84455259772323	0.207257105796458	2.10122913477754	0.273107001049331	2.0644658120999	0.24806021593162
345	1.97978092603272	0.389861621951133	1.27857404273702	0.147679745825536	1.40580550155461	0.184010742214615	1.47006184219019	0.181152118462118	1.56524222869463	0.20690316186748	1.56234712846809	0.162325946364285
1145	0.604777390222296	0.133688743710988	0.645138126364044	0.077972594346596	0.615006475194336	0.0986639213102958	0.600395364367222	0.0889597883743785	0.592128883725118	0.0847504487585116	0.566433073970923	0.0854774974620563
1648	0.435151090850563	0.138022819077679	0.411445697296865	0.0573000144798878	0.325117883753546	0.060034048328128	0.272786756307534	0.0488681881377548	0.250715597584655	0.0509649504996257	0.253867169911321	0.0470569199140557
1712	0.425479022360352	0.0782419134111439	0.581825016245366	0.064320726461237	0.611692449660037	0.0720919903642303	0.615147502791503	0.0801837727174881	0.607692240586601	0.0793825128335922	0.595783311906558	0.0696147746701888
933	0.51585168207963	0.106279751258452	0.80083693733548	0.110163205846607	0.73620275883374	0.126190506254392	0.780555724378901	0.140237492366329	0.753052545266239	0.143138192280419	0.784451982631253	0.156048444932047
2128	0.43730707237036	0.0570076959956087	0.728388823722576	0.066506170254885	0.802615458986494	0.077674726618212	0.873414282432953	0.0895580798205623	0.918553417002137	0.0981364528959506	0.939942910680866	0.0805088182738609
1711	0.737733989788005	0.212722566445756	0.692789302999955	0.0864317851723334	0.754110581937224	0.108322686394925	0.802353931324245	0.0920182954286004	0.82791943084663	0.100013238896313	0.85194399528751	0.0787488226035381
1459	0.742758755366391	0.134483825922745	0.639160318477815	0.079742184166462	0.617962689228437	0.0973065934646306	0.606024279911016	0.0934631538688364	0.578126372532313	0.0968014469141796	0.580584850801591	0.0765448451539648
2443	1.19162739193907	0.196569423938488	1.22991576746308	0.114513446329038	1.32566682647427	0.156959319891654	1.3982187556365	0.125596209565368	1.45820446684955	0.164790344545227	1.45588858025919	0.166639756795866
2326	1.0356329391534	0.358406348685788	0.818617266451222	0.104446883582757	0.839319768182166	0.114564503318252	0.829923706810016	0.119229084585181	0.81668804241484	0.119446709442489	0.781213202976622	0.107199240607314
284	1.7144228050023	0.34648472153292	1.16539202016776	0.118379970880157	1.2048325091021	0.129464628604819	1.17503125794068	0.132785344086331	1.20767216701288	0.136353439061784	1.15593456636371	0.125960529977237
291	0.363673077134006	0.154720187449585	0.605174704602924	0.103138715959297	0.618478498049263	0.104045209492318	0.622779344909956	0.099840493771487	0.638920151520032	0.0862873420838844	0.653122582762818	0.100852970475472
2446	2.83029042624407	0.556104843808098	2.06773628948029	0.342296640339007	2.55686842113506	0.455656345062684	2.65960399019531	0.521852982090676	3.01875306747926	0.481888767810791	3.12952102594822	0.570416815570326
1985	2.58095685709052	0.788674420239376	3.72843464532754	1.02384280351271	3.97358218938413	1.21172583526302	4.23138633226159	1.12732305165788	4.75784880872975	1.39051299747965	4.40451275276712	1.43664857353956
1940	0.551749215097298	0.133559046296532	0.541229114413124	0.0792116011583792	0.489063818811541	0.0751106732490918	0.451340188236398	0.056138891988152	0.439370532596346	0.0584718014820576	0.434005453481075	0.0550416069139918
969	0.469707025958872	0.0946094312109452	0.539993544399465	0.0795779057224946	0.478715914795273	0.0722952822001574	0.456550199908705	0.0604802169445365	0.430260856023917	0.0712070173782223	0.428253023639122	0.0596550381978922
2236	0.592076070937794	0.120136035050961	0.662611871503142	0.0877511818141118	0.645378185649577	0.104540890208053	0.663186387529365	0.103490838411064	0.629318015866478	0.0832598899140501	0.671670961241994	0.0907010972552955
2996	1.35910490136489	0.35462868805158	0.744534462602248	0.0956517405706585	0.580711240334164	0.11430196267216	0.497014495675537	0.100533822890774	0.435046589049961	0.104286772143226	0.388387584447198	0.0801256593617352
819	4.6019524151311	1.67357975217864	1.75523902722439	0.451141096507059	1.81481789351755	0.551780140801474	1.54612676456838	0.432176397215948	1.56095907388369	0.499460921221636	1.4306188122128	0.352859657256925
2342	0.594006405954717	0.144231747551195	0.996384706841479	0.082724401639792	0.950704466915897	0.0941353687372679	0.902249546200926	0.0961191619318742	0.879750711503753	0.0921641232796586	0.868685104576403	0.115227226279392
300	0.542160136010167	0.0969089579471618	0.739194987284484	0.0753628959605102	0.639608202978533	0.0955666165460955	0.625225584766532	0.085846563537348	0.550599548268328	0.0789063748418404	0.580983658814721	0.101746205498182
484	0.753390088452659	0.117566203982284	0.732794863033666	0.0475305979011379	0.678899337181919	0.0658448712501957	0.631481286583159	0.071688949991811	0.596672873687971	0.0605370735375624	0.578324175502922	0.0642149364177787
1189	1.17099476818631	0.21500548430913	1.37921171938482	0.156874309689249	1.61910494054606	0.266887487080704	1.92337888014182	0.351441570003853	2.06186514300182	0.441745532212995	2.1585701856913	0.413926424413739
1828	0.770611876045888	0.129843748178166	0.727697250661046	0.0667001459160662	0.729226580849247	0.0898255081608876	0.727519513150176	0.0745392675329487	0.743586124466578	0.0899227286639425	0.728185165004584	0.0601377526735796
1333	1.10545373187102	0.16067240264072	1.2183098117501	0.10923240765627	1.49018300741586	0.154961590059036	1.61236041777615	0.191323678827781	1.76721632682046	0.235304309166163	1.80517949095272	0.220771914883039
293	3.57400202450576	0.977201983396115	1.29602352379637	0.261360273545439	1.28815073737928	0.305532428521834	1.14334933531931	0.20588151591033	1.16095932719757	0.328302445802752	1.06381590097282	0.191996701135335
2874	0.734388985170956	0.131054682394321	1.00814992309211	0.123654594581511	0.953822876606035	0.140359594937768	0.897052253596383	0.122498186078643	0.84614379328496	0.12406803035393	0.832486143413037	0.110446485767883
1564	0.972234097248558	0.272104773081196	1.0364189359405	0.173680926342236	0.941739978239576	0.175790049804543	0.917699856143393	0.151533768371671	0.86586415207897	0.134833432509922	0.883845657754624	0.151858760508488
2375	1.32820109690397	0.262770320373765	0.829838540737084	0.0817226643491578	0.787095228676896	0.106441820628602	0.757989264013789	0.110949281277748	0.741588197456077	0.101902228273774	0.725194779454821	0.0914057272269613
169	0.543624269926528	0.122179223174122	0.577841027235474	0.093950638393259	0.543039739018474	0.0876777504212336	0.543083716399595	0.0847681393337061	0.522705386692534	0.083964782244311	0.515000253893928	0.0866076438409609
324	0.754617002907784	0.115257665778499	0.891803651654395	0.0816164982712661	0.969812415673693	0.107974138521158	1.05663932603321	0.117859516344153	1.12784194517195	0.110724620881848	1.14725387667618	0.100937375127523
3195	1.5921617582704	0.312052259463579	1.14982776441511	0.106339517638178	1.11415776632685	0.114759475803603	1.09262409195996	0.130547994328497	1.04918678927028	0.118091539529457	1.05519031303048	0.117439999201377
2792	0.559353106774954	0.0948851010246235	0.840467895684965	0.0769409674904889	0.852654411624113	0.0898730990112583	0.867923521629938	0.111670391822681	0.844862505172445	0.128703129923996	0.877981504705705	0.139882670115814
2860	0.696667906853464	0.0927257215048391	0.904969518163436	0.125294844551202	0.909793170665623	0.142619959614279	0.941143701133549	0.134274760008701	0.942652460969183	0.145559642860364	0.993575370274254	0.147707970925586
1166	2.531281891457	0.601587235957935	1.63715393039264	0.20088823799752	1.61994161549996	0.223535993242968	1.55870057305979	0.200126030943208	1.57181316590168	0.208288458370291	1.54419630902791	0.223455198555027
2272	6.18436035581226	1.32277060499313	3.55103289455097	0.542822194992599	4.51411244799819	0.767617583251554	4.88221564388794	0.908575042227365	5.64791429084158	0.920922626080695	5.60529256618733	1.05991838011967
236	1.25798977569366	0.217864847818135	1.23738421163923	0.120196388023593	1.21382455966447	0.120061352067909	1.25747395312636	0.129660079955601	1.24327148800768	0.129168126759718	1.2672336888391	0.13864394869972
383	0.783764701130565	0.193669347918601	0.811359227208005	0.111290985390936	0.738075805844818	0.119987620157409	0.715489264484851	0.110376893912414	0.701155917954105	0.104247313015865	0.706740898584082	0.140231644827625
1917	0.998239303982455	0.126069186323074	0.93004752349799	0.0669407159370004	0.898875603724274	0.0886369912878468	0.874195685684072	0.0813888589493706	0.899304953955817	0.0832209424318665	0.871899867246663	0.0799462596530493
908	0.870546330986597	0.200524441571144	1.02241926287141	0.135848630759881	1.08316312710966	0.142980254884331	1.1275426675875	0.116673925282506	1.14795604684287	0.118748342493367	1.13140430534342	0.122683113626864
2100	2.47941594067842	0.403941852777002	1.51435981966213	0.155728285769824	1.34873238895638	0.161609883765051	1.22633577212376	0.155375113071222	1.15394616750176	0.155147151214025	1.10644670169161	0.134890181458183
28	1.39068316272311	0.374065073652841	1.06540457434958	0.114746887340028	1.11949708733031	0.144739239272959	1.12473286319376	0.15302677603102	1.14703291893417	0.150453473730736	1.10110041370373	0.124518462440455
418	2.74546525774507	0.468228750988216	2.08946963886107	0.263331663691389	2.26239272340845	0.324182913809457	2.31479831790809	0.307946240144523	2.44383096045773	0.297453530131173	2.49340920097789	0.403254907726651
54	8.41393026902178	1.52640274571915	3.44594900832332	0.586331750687	3.98860550757372	0.761485164503838	4.10339014362762	0.813732198062693	4.45967244732895	0.702818449275841	4.18351825699586	0.806462585130912
1443	1.11295133323408	0.217193705095453	0.967824932817469	0.175532928542262	1.00593992280721	0.284116616021675	0.954532421295337	0.279838953807252	0.974046589978993	0.297869871911527	0.862525539157725	0.167651629396462
2312	1.66546026100207	0.373434988220604	0.92831477555483	0.118632058689161	0.682074469312992	0.101023581139068	0.554742876665818	0.100391877315324	0.470983827350702	0.0803623912980143	0.447036667238241	0.0755696709679324
711	0.774272387728325	0.163765190123878	0.712123387698105	0.068702866857824	0.576008238535449	0.0665201086565127	0.507775196490443	0.076154679154305	0.449375471914105	0.0534472235107708	0.454422535062369	0.0679742874561283
2152	0.576429732465395	0.138252601273249	0.725029082220822	0.0847729965307411	0.780653052360909	0.112319649419776	0.82344648858322	0.106790429057259	0.823218924208233	0.108274784123304	0.845334597408163	0.0836470168062795
831	6.58671575458347	1.79212979791007	2.98551029051585	0.534834803810928	3.71813792531569	0.773333512945932	4.02591460632483	0.810280994476772	4.51009256167659	0.863284528990899	4.58770007834045	0.872200070991353
1237	1.24572184506206	0.225090532865051	1.19160039406279	0.109301931326347	1.24914738855477	0.141457773557358	1.23788157510407	0.139323845363247	1.26522411203956	0.134427144281895	1.25187738488603	0.137652460610547
2057	0.584474176314546	0.131995945542667	0.826366527860297	0.0688101937349506	0.785019195754356	0.0911849531568725	0.76986935929476	0.0829783900631604	0.738311323696915	0.081887581661099	0.732068598218255	0.0822805760385329
2746	0.555798336669512	0.092893027671262	0.785478685180238	0.0812398027050713	0.796215322680645	0.118879584945063	0.856718612926073	0.13168899659933	0.845705641083525	0.142836305242933	0.90760847170705	0.15281416275454
848	1.31903925599739	0.146220321167155	1.05654360043974	0.101238948862115	0.996248953893712	0.108062684849019	0.96186230479189	0.112049912670273	0.932118676121337	0.124813353210515	0.937651783719329	0.129572882603462
1627	0.435890043055433	0.0761138752896309	0.758163760286952	0.0845332539197999	0.729944774768318	0.113704007761577	0.735442542214601	0.109482143628757	0.735434146347074	0.102962370579835	0.738089696898834	0.0939957699529952
1347	0.894960674719734	0.225376123016318	1.37445997624029	0.165302248978474	1.44137757062614	0.239226237828509	1.4447744746388	0.239987069883734	1.44446429399285	0.201916595995915	1.4393564912232	0.19256836374008
49	0.690377209296825	0.203517814164197	1.24025607979298	0.1314182694624	1.32313091365176	0.175943112497955	1.44943084988799	0.162065350096217	1.43047444677607	0.159114821349896	1.48952009550335	0.161902700500926
1540	2.17688886724135	0.475500339376851	1.71466715878071	0.2131638560372	1.95171615305062	0.273981638693319	2.02679408132775	0.24640835151152	2.28235705563524	0.307646607870888	2.25760146600149	0.330405066865249
477	0.523721079977905	0.0881972218335106	0.61239537810603	0.0778950732843896	0.5382962837838	0.0847845828552187	0.512565202031198	0.074403060821747	0.45710245117029	0.0748918371333445	0.471622932630856	0.0847370310114138
2612	1.98622211806081	0.46609267620323	1.59146682502804	0.212814996088055	1.87525682815278	0.307932921024034	2.0095703968332	0.34348913396526	2.20894318736243	0.482654446762313	2.19278169649347	0.526923536302027
1080	0.753169547423342	0.154264572652329	0.664903527451558	0.0952633402432835	0.646606792765037	0.106341012798579	0.621809933284375	0.0925207198794591	0.602725521710124	0.0962474791948261	0.594448541559967	0.0950755678459087
1914	1.1331665989515	0.277318575368877	1.6702074753253	0.13463302088004	1.90872102642435	0.178304952031475	2.02826524494856	0.198833288258283	2.19145559359563	0.262126113306637	2.17346294562283	0.315681705260197
1341	0.459803798094348	0.10040198275438	0.982450597002477	0.102200324545133	0.97223087100898	0.107250194467475	0.955576545729188	0.109888868545285	0.882649979129558	0.114017363050092	0.900273592078226	0.0918367310501308
2590	0.63007334024703	0.0877989114930272	0.836497011646492	0.0752975767101614	0.817640235240561	0.0781701076021713	0.819890310764788	0.0967458637125454	0.799538969353892	0.0833000326590966	0.841919549435994	0.0978108613167025
1246	1.45634253867072	0.296642409140042	1.44166416501711	0.130563956221987	1.71235638093175	0.223922075745321	1.85433342246181	0.295110501376404	2.08687260770437	0.315181770034679	2.12625193797526	0.345499980538005
1737	1.46570921163457	0.235351475148269	1.1204875261506	0.0872330309012038	1.25644942594602	0.125097221259815	1.27998504127532	0.122826402692423	1.38542792434655	0.126171494555477	1.35102349821687	0.115528094575202
1291	0.439816879040401	0.100261027390368	0.534563292170578	0.0652184130230138	0.48366237113737	0.0698642392066502	0.456729926180053	0.0553227480958953	0.412233801686142	0.0623813622816259	0.416279686964307	0.0577489893678226
2192	13.0551038600093	3.99933593018363	8.53331254373222	2.12693864748465	10.8646885164783	3.45265071404029	11.1947461178253	3.55373505405485	13.1948350233657	4.11941653239224	12.6904244997307	3.45307181543239
1249	0.215557136495303	0.0530945874482095	0.488682781464989	0.0648354478617737	0.423489760779955	0.0672043759348395	0.387659987791546	0.0621874489262609	0.33913072844068	0.0614722405569437	0.351808702118349	0.0622435652046416
1667	0.455539494245539	0.0645090125780533	0.543407633550681	0.0598120999540526	0.472339089525733	0.0584765199825216	0.451773263408324	0.0606356040046674	0.406266304904341	0.0578935480514482	0.425516702417558	0.0789155059503246
1551	6.72645186857028	2.50902765884061	2.19325478159048	0.33147090260887	2.17885825809969	0.330817111019954	2.05405518536121	0.387441087115809	2.26349018902027	0.391230967653095	2.03554239450713	0.406280842343126
2273	1.92749414551131	0.295162879504874	1.20031382127987	0.108026880963605	1.23108334555174	0.163620324710388	1.27937659195982	0.194724576416432	1.31566791136232	0.215598795580578	1.29293303352938	0.215144029815707
2463	2.72096363149356	0.706219931611941	1.65888337699856	0.291277525973593	1.71211424786583	0.36083463189941	1.64880258468471	0.324635145048357	1.71526826229398	0.347403726367029	1.68518987135154	0.385460797781995
2218	0.474288739093522	0.0689243363338955	0.671774004966573	0.0704213329674074	0.654136100831546	0.0777426897372049	0.656684633026168	0.0779632012294476	0.630666325857849	0.0881282636392591	0.636531115006895	0.0846726270404084
2669	1.52391458717857	0.267868422796251	1.22558862297162	0.139868022157843	1.08453526676595	0.144411244838943	1.05052117328771	0.112489529226032	0.985081377917557	0.104342539107531	0.988785806037719	0.11603436384388
671	0.229597535225145	0.0391743164453363	0.321628784452113	0.0561162142514299	0.271938777336269	0.0487402231736722	0.260181780606757	0.0448567925144004	0.218925664890834	0.0351243959792379	0.229906353127024	0.0520534877358238
2924	1.77322063554719	0.264167336857994	1.45434248082533	0.155934205253874	1.61017909546492	0.180952518514747	1.61903266958618	0.198515168406226	1.73590580578699	0.199407971627641	1.73095411076699	0.192670049357805
3150	1.03900305566603	0.286439401650258	1.04864770961961	0.0984990933974407	1.0127771300206	0.143897164123139	0.959182487798827	0.143598032518992	0.950625952356209	0.172685745914886	0.976142576953508	0.15793105670764
322	1.02868401803193	0.166239086652441	1.2022966233043	0.115106316531165	1.27168266304452	0.145665239341911	1.25532556187669	0.140351544199157	1.3228732505959	0.120134159089236	1.29041040788069	0.120164157481681
207	1.7030137588028	0.411341719940815	1.10903572657987	0.116240334435636	1.05163502904161	0.130889609073512	1.08975883914218	0.150837423205353	1.09812032553044	0.183785179187568	1.16014112409764	0.12789883808029
829	0.700382707951994	0.130815699893951	0.811814134599954	0.0616602853787212	0.842809768483803	0.0649546017845997	0.875725854597595	0.0673557013845294	0.890151847839861	0.0669216696699414	0.900683861700657	0.0580280276660433
1066	2.32377360225039	0.407981249127784	1.66603036138472	0.200210725978149	1.65495251215101	0.21664307029154	1.53556008726317	0.177308815357459	1.5331684192344	0.196198913031048	1.43558768377626	0.163400468631154
1381	0.818489243351347	0.156284918882776	0.959013270118967	0.10662231580765	0.9629325934118	0.124868230988443	0.95957575873232	0.110184365720806	0.961218630323774	0.109940233159955	0.934297441845797	0.101341165863434
2589	1.12296486121429	0.185039271939162	0.885740440965562	0.09650257580832	1.01261540631039	0.13104534535164	1.15582735107784	0.121741598848338	1.20893963592732	0.132915021964202	1.26730599593468	0.0964105932985591
2141	1.19374079647975	0.25640315300088	1.06655042319185	0.114435402926858	1.23324385203853	0.165944353281025	1.36824642383759	0.230064089456861	1.53100508935102	0.234120639459591	1.52526231790352	0.243636796676788
410	2.3342722414413	0.577359014794865	2.12583914407745	0.291492579541011	2.50225768405517	0.385374249523355	2.74505028389728	0.39256534582317	3.11656269520743	0.558069549831711	3.13925394075247	0.429885484790679
2214	1.08848866406179	0.193132405937846	1.01760120608634	0.0802526284997916	0.944992068152551	0.096968257779045	0.904052903037	0.0872599252112078	0.855669887107844	0.0963332796606398	0.869395971032859	0.104814244905775
1636	0.754474608168819	0.165513753711028	1.0033541939755	0.0940481849885121	0.920995038740786	0.120613981041524	0.807063321760313	0.0982224048631118	0.778754469167836	0.0922632248927789	0.726188951570969	0.0924284731030678
2755	2.71823427354022	0.631590692852553	2.08966797892103	0.278945395854339	2.01182492614312	0.285576454485324	1.94994606390979	0.251803290446958	1.93705241742212	0.291821571756227	1.88674973476217	0.262864317956242
226	0.554242718288649	0.0814550867157275	0.670066683599963	0.0552370714584142	0.584428460578963	0.0596205667952025	0.548803333750278	0.0672610183414212	0.500062189358475	0.073479175150663	0.501701669018422	0.0655839025911824
2495	0.312467222052378	0.0688463323742722	0.565381914487459	0.0649252993261888	0.550930399337802	0.0675599019763983	0.548148793107869	0.0768779024336996	0.527262833574297	0.0744658576011457	0.528894029320604	0.0633772218516151
297	0.296536358912439	0.0505322982649012	0.460932721360807	0.0499406840975529	0.406334412116236	0.0583800551944984	0.392067662196856	0.0550193002429588	0.341742219287499	0.0478174812783024	0.347352151658933	0.0607965794271311
1163	0.583906786067721	0.136800179568144	0.760483838749347	0.0744175852512176	0.693997287929556	0.0751449491709155	0.670119788119016	0.0771546864279091	0.649526934048485	0.083256088049174	0.626788237835344	0.0849270166010052
254	0.861824891699472	0.121366815637855	1.09921542361541	0.10696876275736	1.12819537938312	0.151848325199218	1.07779498358824	0.14025541876475	1.05550754144108	0.145577233846474	1.00397410935351	0.135782553918669
732	5.72023236806054	1.1901543665331	3.79687572585522	0.715766386379222	4.62153113985117	0.954817360873344	5.40311872413323	1.3198052490809	6.28177307863122	1.68364580949472	6.77115668298088	2.15116858133999
2805	0.462507412450014	0.0748189478770881	0.836811749273239	0.0700123670218597	0.71679815533427	0.0809328909845188	0.659424088443619	0.0784625891380411	0.606939098128507	0.0808085029351223	0.600862860030377	0.0864239609631447
3059	0.906453996202357	0.268126485137075	0.972908988298988	0.139059244770277	0.803222030713338	0.125409889289062	0.725557640013044	0.118411566788625	0.668212203419766	0.102403039763325	0.642981706322549	0.114231620421695
2051	0.386323937123518	0.0769164779804662	0.559073753075116	0.0608543770371293	0.477855235581102	0.0630876817605555	0.449269142447341	0.056230162330862	0.402314186099148	0.0638272908797138	0.411693076378393	0.0692663652637722
919	1.07876358216128	0.293818799951495	1.07770047395521	0.119972592738547	1.21072724425851	0.144579320418293	1.26167432400961	0.156652300394071	1.34014504579312	0.185277291200198	1.36543056130282	0.170882174104222
3124	2.17159694694859	0.527913530998444	2.23033418305734	0.334395674041205	2.30613593490792	0.400459938015641	2.34017315812287	0.384523477052517	2.3905661894342	0.46474078855456	2.36296094840967	0.420204222360219
1342	9.74155213574267	2.9321326482612	5.09893362837057	1.2009616059779	7.21944854220899	2.1767753408571	9.28650989836011	2.80145669630757	12.2861618743338	3.8034041563576	11.7919332662182	3.39950940226864
2538	0.20689298932464	0.0379727735829584	0.385203241646406	0.0597786241219146	0.374943638730871	0.0717063234008407	0.37714698233339	0.0549133146409897	0.367567005485017	0.0679584206843198	0.384036760976257	0.0598612228525484
1216	0.923419148468286	0.203168845422676	0.802560605023627	0.0760432614390764	0.783306508263224	0.0754634313801245	0.786068690429642	0.0969666207122587	0.780590105225689	0.113251831016307	0.756610264355085	0.112480411544394
940	0.896430210717947	0.22756530842674	1.50295734073515	0.189961861452693	1.62802258996969	0.234725012055272	1.68974276261997	0.205336815972719	1.75773671623217	0.304213904512965	1.80526277107987	0.31838675636615
1874	0.386926561137374	0.0875682622395521	0.698220909505138	0.0788072738847855	0.68994124752301	0.0908827288054304	0.679554872122309	0.0864903718245894	0.65622419483466	0.0868999742661525	0.672499765215383	0.0747624612333824
